{"cameraMode":{"drawMode":0,"name":"Shaded","section":"Shading Mode"},"sceneLighting":true,"audioPlay":false,"sceneViewState":{"m_AlwaysRefresh":false,"showFog":true,"showSkybox":false,"showFlares":true,"showImageEffects":true,"showParticleSystems":true,"showVisualEffectGraphs":true,"m_FxEnabled":true},"in2DMode":false,"pivot":{"x":-2.9802322387695315e-8,"y":1.5001200437545777,"z":0.2586159110069275},"rotation":{"x":-0.34221363067626955,"y":-0.09097506105899811,"z":0.033952195197343829,"w":-0.9347724914550781},"size":1.5547711849212647,"orthographic":false}