{"cameraMode":{"drawMode":0,"name":"Shaded","section":"Shading Mode"},"sceneLighting":true,"audioPlay":false,"sceneViewState":{"m_AlwaysRefresh":false,"showFog":true,"showSkybox":true,"showFlares":true,"showImageEffects":true,"showParticleSystems":true,"showVisualEffectGraphs":true,"m_FxEnabled":false},"in2DMode":false,"pivot":{"x":-1.5879133939743043,"y":16.56682586669922,"z":3.3333046436309816},"rotation":{"x":-0.013036576099693776,"y":-0.980553388595581,"z":-0.18418852984905244,"w":0.06831959635019303},"size":17.40580940246582,"orthographic":false}