{"cameraMode":{"drawMode":0,"name":"Shaded","section":"Shading Mode"},"sceneLighting":true,"audioPlay":false,"sceneViewState":{"m_AlwaysRefresh":false,"showFog":true,"showSkybox":true,"showFlares":true,"showImageEffects":true,"showParticleSystems":true,"showVisualEffectGraphs":true,"m_FxEnabled":true},"in2DMode":false,"pivot":{"x":1.013362169265747,"y":-0.6480056047439575,"z":39.83318328857422},"rotation":{"x":-0.025495896115899087,"y":-0.011397267691791058,"z":0.00030675300513394177,"w":-0.9996291399002075},"size":20.276779174804689,"orthographic":false}