{"cameraMode":{"drawMode":0,"name":"Shaded","section":"Shading Mode"},"sceneLighting":true,"audioPlay":false,"sceneViewState":{"m_AlwaysRefresh":false,"showFog":true,"showSkybox":true,"showFlares":true,"showImageEffects":true,"showParticleSystems":true,"showVisualEffectGraphs":true,"m_FxEnabled":true},"in2DMode":false,"pivot":{"x":-3.5560736656188967,"y":1.3506790399551392,"z":9.353476524353028},"rotation":{"x":0.029581675305962564,"y":0.9463788270950317,"z":-0.0927610844373703,"w":0.30874213576316836},"size":0.7381932735443115,"orthographic":false}